y,count,min,mean,median,p95,max
0,9476.0,0.0,42.817644575770366,37.0,90.0,821.0
1,993.0,6.0,48.0503524672709,42.0,101.79999999999995,458.0
