{
  "threshold": 0.05,
  "f1_pos": 0.5850340136054422,
  "f1_macro": 0.7680974711742183,
  "precision_pos": 0.5330578512396694,
  "recall_pos": 0.6482412060301508
}